,Erro y=0.00,Erro y=0.02,Erro y=0.04,Erro y=0.06,Erro y=0.08,Erro y=0.10,Erro y=0.12,Erro y=0.14,Erro y=0.16,Erro y=0.18,Erro y=0.20,Erro y=0.22,Erro y=0.24,Erro y=0.25,Erro y=0.27,Erro y=0.29,Erro y=0.31,Erro y=0.33,Erro y=0.35,Erro y=0.37,Erro y=0.39,Erro y=0.41,Erro y=0.43,Erro y=0.45,Erro y=0.47,Erro y=0.49,Erro y=0.51,Erro y=0.53,Erro y=0.55,Erro y=0.57,Erro y=0.59,Erro y=0.61,Erro y=0.63,Erro y=0.65,Erro y=0.67,Erro y=0.69,Erro y=0.71,Erro y=0.73,Erro y=0.75,Erro y=0.76,Erro y=0.78,Erro y=0.80,Erro y=0.82,Erro y=0.84,Erro y=0.86,Erro y=0.88,Erro y=0.90,Erro y=0.92,Erro y=0.94,Erro y=0.96,Erro y=0.98
x=0.00,0.0,0.0,0.0,0.0,0.0,0.0,0.0,0.0,0.0,0.0,0.0,0.0,0.0,0.0,0.0,0.0,0.0,0.0,0.0,0.0,0.0,0.0,0.0,0.0,0.0,0.0,0.0,0.0,0.0,0.0,0.0,0.0,0.0,0.0,0.0,0.0,0.0,0.0,0.0,0.0,0.0,0.0,0.0,0.0,0.0,0.0,0.0,0.0,0.0,0.0,0.0
x=0.02,0.01999866669333308,0.5785082137351407,0.6849731256664483,0.6839802143292208,0.6606392956490164,0.6362751353560397,0.6158741975249207,0.6001444866907227,0.5887191140664549,0.5810301826713145,0.5765411530477516,0.5747974153512508,0.5754261834982017,0.5781242210744925,0.5826445936908885,0.5887853494298647,0.5963805279478552,0.6052932109047318,0.615410203807308,0.6266379803916924,0.6388995964080845,0.6521323512664847,0.666286034314704,0.6813216377276045,0.6972104527077155,0.7139334927913408,0.7314812100346789,0.749853488852609,0.7690599201905405,0.7891203773893495,0.8100659366507368,0.8319402121080491,0.8548012119503701,0.8787238735894966,0.9038035116625118,0.9301605278849993,0.9579469123642199,0.9873553579329859,1.0186322968930925,1.0520970150187479,1.0881705247448257,1.1274207713711129,1.1706365304939843,1.218954680740598,1.2740937836108768,1.3388171800008126,1.417940055430486,1.520766222410169,1.6677107323138836,1.910529331484908,0.01080532572869623
x=0.04,0.03998933418663416,1.5890304049532828,1.4373667697424781,1.33028049829913,1.2423072727398998,1.16865786236819,1.1072533268017408,1.0563140664900603,1.0142403571572751,0.9796719552052656,0.9514931001975755,0.9288025401974761,0.9108748072164208,0.8971244712132397,0.8870767400422768,0.8803444166803547,0.8766102016732122,0.8756132008390912,0.8771386547812934,0.8810101177597955,0.8870835037942562,0.8952425701984695,0.9053955251956504,0.9174725340599018,0.9314239648125767,0.9472192661764974,0.9648464123205066,0.9843118850311747,1.00564119790172,1.0288800023916091,1.0540958560222269,1.0813807833747289,1.1108548276877135,1.142670884773752,1.1770212474219646,1.21414649294588,1.2543476617390499,1.2980031740842168,1.3455927463612727,1.3977319347430672,1.4552233053976853,1.5191344863865908,1.5909212761990024,1.6726292552070734,1.767237733615211,1.8792714903698733,2.015929153117351,2.189200648551079,2.4196914094689195,2.742078956326728,0.02160632947117007
x=0.06,0.059964006479444595,2.4008197087783913,2.1451191193613903,1.957387870716053,1.8095556659403893,1.6886840811444042,1.5880397273172007,1.5034748727076965,1.4320973584554317,1.371749598145572,1.3207665912837776,1.2778391746238094,1.2419249504737182,1.2121857013849682,1.1879418263609696,1.1686385869210922,1.1538208428511623,1.1431140006269214,1.1362095630431421,1.132854124699791,1.1328409802208124,1.1360037430256031,1.1422115398338912,1.151365469028415,1.16339610314178,1.178261886924068,1.1959483400067537,1.2164680228150635,1.2398612709183254,1.2661977510166873,1.295578946198855,1.328141745067241,1.3640633970881177,1.4035682170884658,1.4469365933973173,1.4945171052238078,1.546742931207497,1.604154307555677,1.6674296956249373,1.7374297562888772,1.8152605619632267,1.9023663192557452,2.0006682423170035,2.112776669441521,2.2423199246564285,2.394455848928659,2.576649065509353,2.799751411940414,3.0791021245077235,3.434141476585691,0.032398690969935987
x=0.08,0.0799146939691727,3.0892973786083684,2.7848222630730617,2.5445004310936143,2.3497318062633896,2.188355615977576,2.0526034065437413,1.9372894046868319,1.838750023691313,1.7542723271098568,1.6817788292937843,1.619641533581893,1.5665637040575342,1.5214999057887264,1.4835994889585724,1.452165443932864,1.4266238473257382,1.4065008626079263,1.3914052651986328,1.3810150876883134,1.3750673923508203,1.3733504599688529,1.3756978831017275,1.381984196400616,1.3921217844270586,1.4060588908161773,1.4237786202056022,1.4452988826967765,1.470673285166178,1.4999930295423896,1.5333899405274127,1.5710408204894546,1.6131734256418269,1.6600744866203105,1.7121003747690822,1.7696912674114469,1.8333900279782436,1.903867545614163,1.981957056789168,2.068701119465065,2.1654165939743293,2.2737853963439263,2.395982043911328,2.534852775332806,2.694163401178817,2.8789275629183066,3.0957954511233106,3.3533806333487366,3.662142514535381,4.032940753626989,0.04317809342429073
x=0.10,0.09983341664682815,3.690812811027929,3.360276355592369,3.0859481519574303,2.856388059600903,2.6622599484204117,2.496569944844426,2.3541547342162916,2.2311508445158026,2.124605194963845,2.032213782769311,1.952148012266782,1.8829367752072559,1.823383941139524,1.7725089624131487,1.7295031181863738,1.6936967072600015,1.6645341309270043,1.6415547978775205,1.6243784119974487,1.6126936201476791,1.6062492829121975,1.6048478340213275,1.608340342161456,1.6166230002815376,1.6296348544287005,1.6473566551733352,1.6698107762996357,1.697062202959656,1.729220649760229,1.7664439332185522,1.8089427983059478,1.8569874923411387,1.9109165003360618,1.9711480161481962,2.0381949397691943,2.1126844844092716,2.19538387504348,2.2872341535011778,2.3893947982725456,2.503302708506685,2.630749968160437,2.7739852817779305,2.935842941709598,3.119897989910875,3.3306311538707165,3.5735513672200208,3.855151470635137,4.182456624498467,4.561823972904213,0.05394022521697598
x=0.12,0.11971220728891936,4.225321858891737,3.879410564479397,3.5825003096349466,3.3274691107573116,3.1075672404429966,2.917087109141839,2.7514185833531077,2.6068877633784324,2.480562743560736,2.3700866809966263,2.2735483068581956,2.1893846562773556,2.1163083043350595,2.053252567551105,1.99932982700892,1.953799526765487,1.916043406900307,1.88554622739296,1.8618807214081299,1.844695855351405,1.8337077158314719,1.8286925215252279,1.8294813913694667,1.835956603320849,1.8480491598013258,1.8657375439412722,1.889047610299067,1.9180536093865566,1.9528804011279248,1.9937069723280296,2.0407714416037672,2.094377816886746,2.1549048711816208,2.2228176282531327,2.298682108271298,2.3831841801838363,2.4771536041192737,2.581594611778853,2.6977246224067226,2.8270228139464892,2.971290006533381,3.1327201286269464,3.3139803682990507,3.518290066684192,3.749474520300662,4.011945708446167,4.310527335661657,4.650010657060083,5.034351995421142,0.06468078163876786
x=0.14,0.1395431146442365,4.705025712559409,4.349416282422972,4.037030190873445,3.763261901067839,3.5232782129302955,3.312602508995007,3.1273390653954016,2.9641978007167413,2.8204349218794222,2.693770240678417,2.5823070913336443,2.484463422423078,2.3989153190817136,2.324551644841407,2.2604378902199707,2.2057874173508942,2.1599385870397443,2.122336563033096,2.092518853424382,2.0701038628483497,2.0547818976585734,2.0463081988085317,2.044497682181354,2.0492211506838904,2.060402812187544,2.078018996908596,2.102098020825273,2.132721191445042,2.170025001557319,2.214204608259002,2.2655187511631723,2.3242963278248863,2.390944918237063,2.4659616350209292,2.5499467706568404,2.643620811839504,2.7478454777780104,2.8636494782990005,2.9922596063707383,3.1351374392672278,3.2940210710971667,3.4709695067735136,3.668403940361841,3.8891342134723024,4.136349467768368,4.413539689154483,4.724303624002135,5.072001108244395,5.459249439826065,0.07539546661030316
x=0.16,0.15931820661424598,5.138024546595693,4.776055441839028,4.452783338617788,4.165095509721038,3.9094910428167062,3.6824999877653175,3.480916287682591,3.3018930397219526,3.142957252974283,3.0019854824771888,2.8771645796196776,2.766949890238512,2.6700263736494976,2.5852745977265745,2.511741923661511,2.448618510425002,2.395217541042332,2.35095904732698,2.315356765753331,2.288007539593075,2.2685828675852973,2.2568222780862097,2.2525282772191138,2.25556268021798,2.265844188268849,2.283347120427957,2.3081012534207908,2.340192763013952,2.379766300772291,2.42702828072934,2.4822514928374693,2.54578120446188,2.6180429569877366,2.699552309166321,2.7909268158457103,2.892900547486556,3.006341428499059,3.132271558437888,3.2718904068593524,3.426600221766704,3.5980319810985195,3.7880684915954044,3.9988584985424342,4.23281169502815,4.492559527077301,4.780862074269704,5.100440798897158,5.453727748335373,5.8425528786811745,0.08607999440045382
x=0.18,0.17902957342582418,5.530034827235686,5.16383866850005,4.832777632579966,4.53465559851552,4.266884800635865,4.026769031265989,3.8116966458892274,3.619249168459866,3.447248782324646,3.2937680414134958,3.157119122199867,3.03583365471461,2.9286394832943787,2.8344377012648048,2.752281541847603,2.6813577403375977,2.620970482951944,2.5705278193449765,2.5295303178209303,2.4975617171400475,2.47428133973309,2.4594180585969534,2.4527656440692995,2.4541793521153146,2.463573650488682,2.480921012381247,2.506251738910108,2.53965480227961,2.5812797310129025,2.6313395873988887,2.6901151149178277,2.757960158732356,2.835308482778122,2.9226821176183946,3.020701365272185,3.1300965458528265,3.2517214719034118,3.3865684418775257,3.5357841974020188,3.700685709546986,3.8827737449367765,4.08374080601497,4.30546818353862,4.5500046203456606,4.81951698949797,5.11620271827815,5.442156785599048,5.799196129601581,6.188663254830039,0.09673009134056224
x=0.20,0.19866933079506122,5.8852785442429685,5.516312193417295,5.179642767350831,4.8736587914424865,4.596402450176603,4.345758279347941,4.119600447627319,3.915891420943007,3.7327388517612436,3.5684220469556474,3.4213986830368293,3.2902999194004594,3.1739194565901556,3.0712000282932235,2.9812193833469,2.9031768902266646,2.8363813314733606,2.7802401249547573,2.7342500245205286,2.6979892566608616,2.671111005990486,2.65333814869012,2.644459136270534,2.644324944438281,2.65284701895973,2.6699961696914705,2.695802383915957,2.7303555498970207,2.773807100438052,2.826372603340326,2.888335339715382,2.960050919937065,3.0419529870494917,3.1345600429188125,3.2384833943200886,3.3544361408106167,3.4832429936136977,3.6258504967468697,3.7833368814635135,3.95692027951217,4.147963309555747,4.357971120758022,4.5885788889843955,4.841523731973817,5.118595529012864,5.421562060750052,5.75206741808124,6.111509825582993,6.500915612811999,0.1073414975338518
x=0.22,0.21822962308086932,6.20698350122817,5.8362986367677285,5.495616792810311,5.1837132704889735,4.8990715183860996,4.640009540333043,4.4047886599013335,4.19169540176709,3.999096425658329,3.8254710821293476,3.6694274403989846,3.5297071368341206,3.4051832420067067,3.29485415372206,3.197835537650384,3.1133516066673637,3.040726523961257,2.9793763804799993,2.928801984415993,2.8885825698932455,2.8583704555867855,2.83788664234259,2.826917319149944,2.8253112406874332,2.832977941719935,2.8498867603688853,2.876066651379874,2.911606780286946,2.9566578983979914,3.0114345053087077,3.0762178083142784,3.151359484004379,3.2372862326988536,3.334505085703564,3.4436093708030038,3.565285152142722,3.7003178224258133,3.8495983206181195,4.014128158062869,4.195022044385585,4.3935064102127175,4.610911558631254,4.848654638737718,5.1082103266823236,5.39106637123471,5.698662500483713,6.03231409672054,6.3931267023885185,6.781913080391719,0.11790996855932871
x=0.24,0.23770262642713458,6.497684728329992,6.126076400988349,5.782591417923766,5.4662695689524385,5.175909165087594,4.910152919800611,4.667567436253701,4.446708369935213,4.246168838027147,4.0646122128453595,3.900792113702708,3.7535627926973407,3.621882803163849,3.5048142720997872,3.4015195083144047,3.311256171561788,3.2333718337522113,3.1672984748848974,3.1125472541957335,3.068703760140913,3.0354238530813413,3.012430157727026,2.9995092280944737,2.996509388453542,3.003339244233099,3.0199668534051245,3.04641954878295,3.0827844028680365,3.1292093275532364,3.185904799321392,3.2531461944689357,3.331276705684705,3.420710787532125,3.5219380393908724,3.6355273742005174,3.762131232426169,3.9024894743714995,4.057432411558628,4.227882213133489,4.41485164739142,4.619438808866596,4.842816184314901,5.086212218204169,5.350883602602826,5.638077052023582,5.948980569958158,6.284666326873875,6.646030125386424,7.033735381176569,0.12843127716949382
x=0.25,0.2570805518921551,6.759416466608806,6.3875097427466425,6.042166499105884,5.722612775379308,5.427875869844501,5.156843724434555,4.908323065278751,4.681090275276761,4.473932141543483,4.28567607216248,4.115210856569449,3.9614996999052274,3.8235873715462882,3.700603125180358,3.5917607492078822,3.4963567945717084,3.4137677514272617,3.343446723065252,3.2849199750991844,3.2377836128785265,3.2017005511768155,3.1763978787053904,3.1616646785773592,3.1573503386839348,3.1633633685871856,3.179670728580279,3.2062976693801235,3.243328075346747,3.290905298263788,3.3492334606902308,3.418579195663944,3.499273770714468,3.591715515833854,3.6963724337600175,3.813784812549767,3.944567580500734,4.08941203785989,4.249086465918046,4.424434953609714,4.616373604214399,4.825883113485831,5.053996589542894,5.30178148540876,5.570314737186167,5.860650761441904,6.173782961804535,6.510600834358909,6.871846463473305,7.258075714411124,0.13890121498118538
x=0.27,0.27635564856411376,6.993840106970497,6.622143194968105,6.27570041396838,5.953872380774164,5.65585600191107,5.38072631324492,5.127479297264462,4.895071322754976,4.682452635880124,4.488593925924794,4.312506123857105,4.153254245035855,4.009966360450422,3.8818388056625626,3.7681386263559222,3.6682040934478484,3.581443946804113,3.5073358691371728,3.4454245602704923,3.3953196779298467,3.3566938318823696,3.329280759392996,3.3128737672308497,3.3073244948690506,3.3125420317115104,3.328492405362561,3.355198445817727,3.39274002001952,3.4412546207032357,3.500938281119486,3.572046771258478,3.6548970096463456,3.7498685954484805,3.857405326115817,3.9780165137264505,4.112277846424637,4.260831458923923,4.424384779195423,4.603707612664716,4.799626822760951,5.013017889750815,5.244792613649756,5.4958823208207805,5.767216196862206,6.059694856527693,6.374160000802377,6.7113619580583705,7.071927904183405,7.456334320329415,0.14931559415887594
x=0.29,0.29552020666133955,7.202332658271454,6.831270870301901,6.484352798707783,6.161038519797091,5.86065271473773,5.582414702012132,5.325470286714044,5.088922338301765,4.871858002061997,4.6733714556815205,4.492581934659202,4.328647298978555,4.18077371788536,4.0482221687876,3.9303124449962055,3.8264252990762144,3.7360032520232633,3.6585504969527243,3.593632232277874,3.5408736790564395,3.499958971608936,3.4706300586832617,3.4526857123580474,3.4459807112304253,3.4504252409591314,3.4659845368633024,3.4926787781657067,3.530583229958144,3.5798286155240477,3.6406016868050997,3.7131459430742173,3.7977624257788793,3.894810489539339,4.004708414003912,4.127933677555607,4.265022661299941,4.4165694912402484,4.583223661234802,4.7656860159458985,4.964702623302666,5.181056048246227,5.4155535790495835,5.669012085373571,5.942239435122579,6.23601278677524,6.551054600014661,6.888007817750107,7.247412251899467,7.629684580584199,0.15967024908975094
x=0.31,0.31456656061611776,7.386049810629442,7.015988047460681,6.669119579243394,6.3449794564483835,6.042990108397849,5.762483292813153,5.502724065509091,5.262934590970248,5.0423161627972615,4.840068427372557,4.655405363699849,4.487567997195044,4.335834101982098,4.199525295030375,4.078011979314835,3.970716585189497,3.8771155163362288,3.796740148266281,3.729177165730905,3.6740684675176745,3.6311108162716335,3.600055368173601,3.5807071821928447,3.5729247801900184,3.576619806074297,3.5917568131408206,3.6183531922867926,3.6564792387497236,3.7062583401182825,3.767867252478947,3.8415364135720984,3.92755022069615,4.026247175896921,4.138019771036102,4.263313950431565,4.402627949486268,4.556510265939984,4.725556479883785,4.910404605938206,5.111728645859892,5.330230025904293,5.566626667391783,5.821639569155815,6.0959769916904,6.390316629065817,6.705286520019986,7.041445838476155,7.3992670373264735,7.779120995163705,0.1699610380498984
x=0.33,0.3334870921408144,7.545972032433626,7.177230118662982,6.830861286354423,6.5064580920428545,6.203518769576107,5.921463552089496,5.659652941359606,5.4174063822136285,5.194020098606164,4.988783231422444,4.800991794965415,4.629960283309249,4.475030986774577,4.335581224119897,4.211028771928511,4.100835797640121,4.004511594292432,3.9216143874766605,3.851752448501946,3.794584709000305,3.7498210351163093,3.7172222859799287,3.6966002520307386,3.6878175438301906,3.6907874807048904,3.7054740101224684,3.7318916722353475,3.770105608639613,3.820231599209235,3.882436095047463,3.9569361983858338,4.043999521010305,4.143943831046417,4.257136373546695,4.383992723646472,4.524975003198185,4.680589264958276,4.851381826256804,5.037934322138581,5.240857253784868,5.460781841045073,5.698350058569316,5.954202852830444,6.2289667074932495,6.523238943506845,6.837572390405572,7.172460311482117,7.5283226558892125,7.905494785262015,0.1801838448609428
x=0.35,0.35227423327508994,7.682938969363911,7.315802380913422,6.970325829671486,6.646146656294485,6.342822583050618,6.059844054952458,5.79664835109164,5.552634366266894,5.327177122630245,5.119641304667921,4.929393361150311,4.755811943790504,4.598296632302329,4.45627502316424,4.329208338781784,4.2165957541098935,4.117977649681296,4.032937993019003,3.9611060323208305,3.9021574627268656,3.8558152001772585,3.8218498731095445,3.8000801192157527,3.7903727536192693,3.792642856100855,3.806853808075898,3.8330172944168885,3.8711932703709744,3.9214898791741133,3.9840632909751172,4.059117417896541,4.146903443149359,4.247719083969198,4.361907488955088,4.489855650829286,4.63199219700156,4.788784404759727,4.960734278604406,5.148373528542763,5.352257305494758,5.5729565895016995,5.811049194135699,6.067109450636663,6.341696768126359,6.63534342539108,6.948542119727545,7.281733953714211,7.635297648038152,8.009540792586247,0.19033458053646207
x=0.37,0.3709204694129827,7.797675547965868,7.432403080667801,7.088166796138122,6.764639378204746,6.4614257022407795,6.178072319563944,5.914078510658666,5.668908114295658,5.442001421428766,5.232786563716949,5.040689991195409,4.865145793546022,4.70560375642969,4.561536150127873,4.432443321417205,4.317858204834141,4.217349892010165,4.130526403651329,4.057036803429947,3.9965727809052916,3.948869814798379,3.913708010691625,3.8909126898570636,3.8803547891666006,3.881951116196927,3.895664488712428,3.921503773514821,3.9595238259162464,4.009825317518411,4.072554426280794,4.147902348824922,4.236104580468315,4.33743989372944,4.452228931397785,4.5808323165129625,4.723648170035893,4.881108919523672,5.053677281313591,5.24184130781463,5.446108414207446,5.6669983389300285,5.905035052836393,6.160737714098,6.434610867770189,6.72713420376961,7.038752302402074,7.369864894601081,7.720818223270404,8.091898092034736,0.20040918491752735
x=0.39,0.3894183423086505,7.890812045626794,7.527641399174514,7.184958154309685,6.862463209519461,6.5597991146450445,6.276557479792943,6.012287763367452,5.7665068597997315,5.53870894584515,5.328375128120182,5.134982542042318,4.9580126642476365,4.796958702948089,4.651332015524652,4.520667566955121,4.4045284870384664,4.302509811461182,4.214241505073929,4.139390868871743,4.0776644282409045,4.02880939157806,3.992614757286704,3.96891213472123,3.9575763317161625,3.958525748384946,3.9717226041180367,3.9971730122013613,4.034926904160723,4.085077793721366,4.147762358071793,4.223159801916328,4.3114909576855736,4.413017063514541,4.528038149698809,4.656890955108493,4.7999462886535005,4.957605748935986,5.1302977196841715,5.318472571739403,5.522597026671626,5.7431476746537085,5.980603691298718,6.235438864402512,6.508113119115632,6.799063812975256,7.108697150953943,7.43738013277118,7.785433476447023,8.15312595134702,0.21040362829671244
x=0.41,0.40776045305957015,7.962899667563377,7.602051574897771,7.2612060642867355,6.9400867779290785,6.638366536928585,6.3556732277947265,6.091596904707894,5.845697676984038,5.617513965099068,5.40657075707495,5.212387566611674,5.034485872187745,4.872395892144127,4.725662617628247,4.593851079610915,4.476550867023044,4.373379941182757,4.283987808874056,4.208058124850413,4.145310796300426,4.095503658804304,4.058433787055178,4.033938495279599,4.021896072699622,4.02222628909408,4.034890694889122,4.059892729438286,4.097277640347468,4.147132205924268,4.209584242151416,4.28480186511706,4.37299246979056,4.474401376762022,4.589310090603501,4.7180341076230405,4.8609202079869025,5.018343168754226,5.190701841787646,5.3784145553596385,5.58191382205202,5.801640369313834,6.038036553033873,6.291539267599561,6.562572525242739,6.851539937968526,7.158817389878214,7.4847462275738765,7.829627312673171,8.193716266001832,0.22031391302992312
x=0.43,0.4259394650659996,8.014422701411842,7.65610402094565,7.317358337523882,6.9979277713893335,6.697509534054362,6.415760691751432,6.152304012494107,5.906734569914607,5.678626777211208,5.467541550997169,5.2730333493999835,5.094656882827772,4.931973351901228,4.784556119533508,4.651995769487493,4.533904540252213,4.429920150467672,4.339709051030208,4.262969150580512,4.199432066657425,4.14886495571602,4.111071972637572,4.085895405282445,4.073216522825658,4.072956168648964,4.085075119861967,4.1095742263868145,4.146494333182805,4.195915979784227,4.257958862049245,4.332781032077823,4.420577803933278,4.521580325483934,4.636053770896993,4.7642951047560125,4.9066303682946835,5.06341144184907,5.2350122464241,5.42182436232081,5.6242520649535415,5.842706807734277,6.07760121890774,6.329342722125154,6.598326936666952,6.884931058456855,7.189507461970516,7.512377789704035,7.853827804081805,8.214103262008907,0.23013607513540155
x=0.45,0.4439481069655198,8.04580800497468,7.690214057957825,7.353811964380724,7.036358943261646,6.737571838656267,6.4571310549807475,6.1946854757001635,5.949858110203517,5.722252205880285,5.511457575081276,5.317056914766213,5.1386319344356,4.975769149926199,4.828065242295379,4.69513191907497,4.576600247656195,4.472124456578175,4.381385219956005,4.304092453668208,4.239987659998395,4.188845861085538,4.1504771616699125,4.124727979036822,4.111481973450268,4.1106607063016165,4.122224046125222,4.146170334909861,4.182536319048183,4.23139684106377,4.292864280176073,4.367087722070052,4.454251831245671,4.554575393428311,4.668309491222633,4.795735274099697,4.937161284638918,5.092920307501041,5.263365716702964,5.4488673111356185,5.649806648420855,5.866571913237553,6.0995523876306255,6.3491326261885614,6.615686475999876,6.899571116648463,7.201121325042059,7.520644189064594,7.858414498671289,8.214671030005869,0.2398661858792659
x=0.47,0.46177917554148284,8.05743236564959,7.704748712928349,7.370919026486425,7.055712901627532,6.758862885149291,6.480067806419017,6.2189970228661995,5.97529537287783,5.748588616319246,5.538489146802334,5.344601777281896,5.166529427571576,5.003878574775577,4.856264361694956,4.723315291014428,4.604677462421546,4.500018334520872,4.4090300129632265,4.331432080635901,4.266973995436036,4.215437086664269,4.1766361831028815,4.150420905056515,4.136676649657304,4.135325294116594,4.146325635804691,4.169673581445329,4.205402090648931,4.253580871767235,4.3143158209060495,4.387748188170202,4.474053449158575,4.573439854759553,4.686146628873901,4.81244178234876,4.952619512750546,5.106997164286768,5.275911730846978,5.459715898314408,5.65877364033137,5.873455404552663,6.104132953542049,6.351173954642347,6.614936444405055,6.895763322772019,7.193977056832342,7.509874790039193,7.843724056912198,8.195759292982643,0.24950035334695167
x=0.49,0.479425538604203,8.049628116202552,7.700031909813378,7.368991230507562,7.056285814928991,6.761660586997342,6.484828560926508,6.225474620532826,5.983259997925941,5.75782725834995,5.548805596176191,5.355816257854824,5.17847792801666,5.016411941480347,4.869247213372738,4.736624809094845,4.618202103310805,4.513656501065793,4.422688713768736,4.345025597861344,4.280422574684359,4.228665656748646,4.189573108865865,4.162996772982669,4.148823083673613,4.146973797612877,4.157406455430054,4.180114588562049,4.21512767738624,4.26251086036447,4.322364387428317,4.394822804680136,4.480053851982098,4.578257050508455,4.689661954252626,4.814526038279195,4.9531321977166645,5.105785835656914,5.272811525809806,5.454549247424543,5.65135020592853,5.863572272952187,6.091575103481562,6.335715014834444,6.596339740369876,6.873783198032389,7.168360437152147,7.480362943199972,7.81005448633942,8.157667693133337,0.2590347239999257
x=0.51,0.49688013784373675,8.02268727883579,7.676348283596013,7.34830323460462,7.038340134177715,6.7462133857265005,6.4716464143209915,6.214335156718993,5.973952259082796,5.7501518011371635,5.5425743600775395,5.350852234683342,5.174614667248671,5.013492924955141,4.867125129972063,4.735160756022195,4.617264736132762,4.513121150219445,4.422436481099244,4.344942443125784,4.280398398939025,4.228593387157456,4.189347787715749,4.162514652535634,4.147980727885003,4.145667191662863,4.155530124417681,4.17756072757017,4.211785296415372,4.258264949324346,4.3170951084260745,4.388404721191227,4.472355207038731,4.569139108652195,4.678978424479911,4.802122597308092,4.938846134306416,5.089445837055814,5.25423762630419,5.4335529560458795,5.627734825364741,5.837133414487765,6.0621013934973975,6.302988977503139,6.560138829528989,6.833880939998496,7.124527636878717,7.432368900130721,7.757668164753616,8.100658795345735,0.2684654842170501
x=0.53,0.5141359916531131,7.976864423519594,7.633945775411288,7.3090948842138745,7.00210640067961,6.712741592465292,6.440730810713553,6.185776852578105,5.947559059210593,5.725737965924468,5.519960313561731,5.329864236153634,5.155084457053641,4.995257350388753,4.850025753399404,4.719043444883499,4.601979233059961,4.4985206210211235,4.4083770385804915,4.33128264538059,4.266998721696494,4.2153156708444754,4.176054661037324,4.1490689355353805,4.1342448186327045,4.131502441946264,4.140796211124412,4.162115027864304,4.195482276361321,4.240955577286516,4.298626306342333,4.368618868606932,4.451089714470123,4.546226078239122,4.654244416740766,4.775388522815914,4.909927287906932,5.058152089467143,5.2203737832210795,5.396919287961285,5.588127762148036,5.794346387542784,6.015925795679029,6.2532151979721995,6.506557308902678,6.776283182379915,7.0627071115820454,7.366121768814522,7.686793780122077,8.024959935274364,0.27778886181997964
x=0.55,0.5311861979208834,7.912378357400743,7.573037104865376,7.251572425866702,6.9477841773993925,6.661438030030035,6.392267903619755,6.139979362826038,5.904253798642206,5.684753195539414,5.4811252751988,5.293008815539395,5.120038964205295,4.9618523945234205,4.818092184865696,4.688412335654228,4.572481869166264,4.469988484046748,4.380641758124554,4.304175909555658,4.24035213776941,4.188960572750533,4.149821864561543,4.122788445432992,4.107745494907409,4.104611635015037,4.113339377781422,4.13391534191508,4.1663602496070045,4.21072870823232,4.26710877556836,4.335621301095394,4.4164190301826025,4.509685452655507,4.615633372603671,4.734503172594376,4.866560743072319,5.0120950471210035,5.171415292540942,5.344847688096755,5.532731769641907,5.735416295527686,5.953254730030428,6.1866003589649585,6.435801113054737,6.701194210880231,6.983100771870158,7.281820586833677,7.597627263519535,7.930763981367566,0.2870011275819834
x=0.57,0.5480239367918736,7.829412702490063,7.493800160957504,7.1759087229990275,6.875542110787608,6.592467967248133,6.3264203905530945,6.077103536340478,5.844196083239059,5.627356325998799,5.426227652880999,5.240444176887855,5.069636318590788,4.913436175658855,4.771482555002894,4.643425583183265,4.528930846246707,4.427683039701257,4.3393891322760645,4.263781063622076,4.200618006866936,4.149688232864013,4.110810615053082,4.08383581300246,4.068647169731195,4.065161353469941,4.073328769118117,4.093133758668794,4.124594603566736,4.167763335518812,4.222725355807073,4.2895988567421615,4.3685340326021125,4.459712061301639,4.563343832238618,4.679668390446149,4.808951062627893,4.951481227315519,5.107569689911977,5.277545624679463,5.461753050981897,5.660546821734837,5.874288119620515,6.103339482633818,6.348059415817633,6.608796690330346,6.885884482090358,7.179634555495428,7.490331745763417,7.818229026839904,0.29609859671958494
x=0.59,0.5646424733950354,7.728115362847647,7.396377299949203,7.082242452618685,6.785517096589341,6.505968317743352,6.243326795362909,5.99729081547694,5.767531256072574,5.553697249557308,5.35542222422565,5.172330049929065,5.004041055142282,4.850177734144951,4.710370016298093,4.584260018687192,4.471506245280252,4.371787228716686,4.2848046348530335,4.210285866106306,4.14798620877603,4.09769057334133,4.059214876588593,4.032407111505485,4.01714814612144,4.0133522865946984,4.020967633346375,4.039976252255869,4.070394176057039,4.112271244205977,4.1656907826503025,4.230769118089133,4.307654914418641,4.39652831205553,4.497599843693019,4.611109092812711,4.7373230541159685,4.876534148312927,5.029057838071215,5.195229788434408,5.375402515228593,5.569941470995084,5.779220532426845,6.003616878988184,6.243505291872087,6.499251956941602,6.771207923529538,7.059702447798107,7.365036524915611,7.687476974310854,0.3050776303664274
x=0.61,0.5810351605373051,7.608596824602531,7.280873482064774,6.970676212485432,6.677812485797287,6.402046052604946,6.143100164889319,5.900662258712117,5.674389753725511,5.463916583210513,5.268860074419309,5.088827841490714,4.923424418033718,4.772257429981125,4.634943180724761,4.511111582843891,4.400410420466969,4.302508962746872,4.2171009731501705,4.143907173260527,4.0826772258700545,4.033191302467442,3.995261296695462,3.9687317394153765,3.953480463764295,3.9494190607666897,3.9564931581297706,3.974682547068836,4.00400117446962,4.044497010382392,4.096251793657279,4.159380651314884,4.23403157980533,4.320384768430406,4.4186517366848435,4.529074247963555,4.651922951950134,4.787495697234722,4.936115444857409,5.098127703638237,5.273897401209264,5.463805103451932,5.668242503474985,5.8876071241529635,6.1222962206588445,6.372699935404692,6.639193848294698,6.922131175467763,7.22183498704933,7.538590917492436,0.3139346370287707
x=0.63,0.5971954413623921,7.4709271663302985,7.147353113222022,6.8412734105079425,6.55249522280415,6.280775749668902,6.025826137930647,5.787317178943079,5.564886308667644,5.358145385510938,5.166688747271794,4.990101124205407,4.827965086520404,4.679867810891261,4.5454070471388865,4.424196245002661,4.315868859224051,4.2200818900061225,4.136518738344705,4.064891465516518,4.004942546829637,3.9564462047285844,3.919209397942839,3.8930725333342466,3.87790995660878,3.8736302678215746,3.880176497986335,3.897526174222458,3.9256912926877168,3.964718210888122,4.014687463584284,4.075713499118521,4.147944325211837,4.2315610447278855,4.32677725215182,4.433838250176952,4.553020032501456,4.684627963578348,4.828995068891817,4.986479831282823,5.157463371902828,5.342345882020223,5.541542169519182,5.755476198923118,5.984574545088413,6.229258757239705,6.48993674749893,6.766993474490948,7.060781373090472,7.37161115481222,0.3226660740220419
x=0.65,0.6131168519734338,7.315131575965254,6.995835375478119,6.694053735266721,6.409591753378956,6.142196170852003,5.891560336875673,5.657331402695731,5.439119047339924,5.236505001897732,5.049052706063108,4.876316563029565,4.7178504173166695,4.573215033786683,4.441984485945641,4.3237514595372275,4.218131543282382,4.124766616825834,4.043327462822319,3.9735157320026273,3.9150653824894976,3.8677437018294842,3.8313520051757264,3.8057260877515766,3.790736495286658,3.7862886631030994,3.792322963104537,3.808814687996026,3.8357739933944286,3.8732458107337053,3.921309736617127,3.980079897050823,4.049704777280754,4.130366999149771,4.22228301732035,4.325702692637732,4.4409086845909505,4.568215584621214,4.707968687607706,4.860542270609426,5.026337217515501,5.205777799380591,5.399307399612119,5.6073829713327,5.830468045563429,6.069024190201441,6.323500966241864,6.594324645181803,6.88188622626026,7.18652958114778,0.3312684488878612
x=0.67,0.6287930240184686,7.141184062858881,6.826287719645173,6.528986910284429,6.249082470560927,5.986305722596272,5.740325028720941,5.510755178941134,5.29716857557554,5.099107170266402,4.91609425402669,4.747645429385458,4.593278340283278,4.452520955497189,4.324918372552279,4.210038226282918,4.1074748551656075,4.016852409818293,3.937827093000057,3.870088708983645,3.813361679969312,3.7674056636072217,3.7320158820832505,3.707023251506004,3.6922943813882654,3.6877314980606997,3.693272332711229,3.7088900040170687,3.7345929165274665,3.770424688511386,3.8164641163202995,3.872825175805217,3.939657054276168,4.017144198106028,4.105506350421695,4.204998539285567,4.315910958070799,4.438568654997498,4.573330916748845,4.720590190976248,4.8807703448692825,5.054324004852909,5.241728673139446,5.443481283784025,5.660090865383822,5.892069048547639,6.139918325872972,6.404118264494483,6.685110283203008,6.983282084350804,0.33973832079097915
x=0.69,0.6442176872376911,6.94899890362482,6.638617038975866,6.3459843020730125,6.070894375541925,5.813056613399679,5.57210500824497,5.347610808712082,5.139097207812144,4.9460545920120165,4.767955135722027,4.604265915038047,4.454460093924763,4.3180260450902255,4.194474485343314,4.083343835998853,3.984204080407383,3.896659403671836,3.8203498826869153,3.754952462148173,3.7001814139953533,3.655788439969091,3.621562542860815,3.5973297630286725,3.582952853085447,3.578330944945224,3.5833992489450717,3.5981288137302068,3.6225263671938515,3.6566342522162643,3.7005304654981233,3.754328802672023,3.818179107281793,3.8922676141893877,3.976817368330903,4.072088686012307,4.178379606231165,4.296026251521189,4.425402978889128,4.566922148907015,4.721033273138934,4.888221217472239,5.069003047385292,5.263923015555454,5.4735451409475075,5.698442857038017,5.93918537548362,6.196320781814693,6.470356482217979,6.7617384053725,0.3480723018955646
x=0.71,0.6593846719714731,6.738419142141533,6.432657817396327,6.144887763481742,5.874891509722683,5.62234747943592,5.386842682538763,5.167890142364931,4.9649485978581085,4.777442280045732,4.6047791371201265,4.446366536588763,4.301624045493705,4.169993308942519,4.050945306345385,3.943985391585592,3.848656556682506,3.7645413345884537,3.6912627036194054,3.62848429263471,3.575910123829611,3.533284074745107,3.5003891951080024,3.4770469775686075,3.463116653407304,3.458494563496815,3.4631136398167586,3.4769430222997766,3.4999878285831145,3.532289089342976,3.5739238584139374,3.6250055040044113,3.6856841841353694,3.7561475049280846,3.8366213532337765,3.9273708835567556,4.0287016208252835,4.1409606119745,4.264537516140626,4.399865460160841,4.547421397286579,4.707725588116457,4.881339674175832,5.0688626479369745,5.2709238706410995,5.488172214969449,5.721260515821353,5.97082493008955,6.2374596491422265,6.521688676767411,0.35626705872029385
x=0.73,0.674287911628145,6.509201134268533,6.208156205399372,5.9254548187513,5.660862553085549,5.414014212914289,5.1844324030701685,4.971552223711775,4.774748187465278,4.593360148964249,4.426716132060819,4.274151019382402,4.135020906343517,4.008713457936749,3.8946548796208518,3.7923141976960886,3.7012055134575457,3.6208888065709814,3.5509697547782397,3.491098931382643,3.440970649784875,3.4003216493319997,3.368929758679035,3.346612629676135,3.333226603805922,3.3286657517637637,3.332861112584986,3.3457801498771502,3.36742643770521,3.397839586318077,3.4370954172423156,3.485306397473675,3.542622342748776,3.6092313992202225,3.685361310007713,3.771280966193868,3.8673022280794287,3.9737819777049292,4.091124321607458,4.2197827948201105,4.360262311865345,4.513120454862435,4.678967471624655,4.858464076730354,5.052315831031282,5.261262595512536,5.48606146829009,5.727461964758446,5.986173283016613,6.262825488768661,0.3643193134716992
x=0.75,0.6889214451105513,6.260993611238915,5.964748445612352,5.687338886114227,5.428504772213406,5.187818719460482,4.964714236916994,4.758521588648448,4.568505135550384,4.393897532679404,4.233928193918529,4.087845166829258,3.9549307221302223,3.8345115774286995,3.725964887368142,3.628721099916256,3.542264625562716,3.466133074165635,3.399915628480028,3.343250964677113,3.2958250043597412,3.257368688050006,3.227655892058213,3.2065015634939176,3.1937601168402825,3.1893241157473824,3.1931232522130575,3.205123629652663,3.2253273547284644,3.253772443941954,3.290533053970388,3.3357200488514107,3.3894819217638394,3.452006093616995,3.5235206139540622,3.6042962902054723,3.694649266420955,3.7949440577609366,3.9055970148079924,4.027080130314392,4.159924992355095,4.30472650673396,4.462145726614297,4.632910709177399,4.817813760902834,5.017702793831291,5.233463988769205,5.46599295368062,5.716152707861086,5.984719768833325,0.37222584535524195
x=0.76,0.7032794192004103,5.993308895816308,5.701931213180481,5.430062609553996,5.177403234009628,4.943435400026137,4.727467663624641,4.528688115078192,4.346216770248726,4.179150623878314,4.026598608854792,3.887706351917687,3.7616720789760123,3.647755573615669,3.5452820867805093,3.4536428222026836,3.3722932659043168,3.300750287480105,3.238588657138739,3.185437404749641,3.1409762893607573,3.1049325384144972,3.0770779433623052,3.0572263523773566,3.045231573409328,3.0409856860212168,3.044417754121667,3.055492931000604,3.0742119510988557,3.1006110084841785,3.1347620293261613,3.1767733543251966,3.2267908567894796,3.2849995326325168,3.3516256095923,3.4269392336131874,3.511257798773767,3.6049499896869865,3.7084405947499604,3.822216111670077,3.9468310799296935,4.082914899519897,4.2311785723007,4.392420252653262,4.567527636171407,4.757474022368251,4.963303515842577,5.186099832320377,5.42693372463711,5.686787868644653,0.37998349186358776
x=0.78,0.7173560908995228,5.70548248256684,5.419020003814355,5.152981409135795,4.907003898888545,4.680435410566855,4.47240625956854,4.281909975065303,4.107877178522022,3.9492342489265684,3.804944886188285,3.6740363945246926,3.5556140000392578,3.4488666460192086,3.3530671975731714,3.267569287880396,3.191802380285547,3.125266090038284,3.0675244185999757,3.018200282750989,2.9769705423826793,2.9435616187400955,2.9177457280816923,2.8993377188487677,2.888192482759768,2.884202904576327,2.887298316978423,2.897443433134492,2.9146377384381292,2.938915333574705,2.9703452331788207,3.0090321378131124,3.0551177120684825,3.1087824186681488,3.170247978061205,3.2397805455493285,3.317694723483921,3.404358553197244,3.5001996557637822,3.605712701642452,3.7214683631224514,3.8481237930270904,3.986434391138074,4.137266020094215,4.301605701518398,4.4805669207235646,4.6753828994255855,4.887378034369201,5.117905925134976,5.368245803189568,0.387589150041567
x=0.80,0.7311458297268959,5.3966146667254264,5.115089214992264,4.855232869330785,4.616578969806843,4.398269441290169,4.199175526713005,4.018022319554212,3.85349238547776,3.7042999280414413,3.56923713440717,3.44719867220416,3.3371909758362817,3.2383319469491667,3.149845221751324,3.0710518038469927,3.001360815123604,2.9402603850247955,2.8873092198878676,2.8421290982263825,2.804398365029299,2.7738464040631556,2.750249021483254,2.7334246570437837,2.7232313384839566,2.719564302785058,2.7223542206018334,2.731565974894772,2.7471979604698626,2.769281887374289,2.797883088005357,2.8331013458385472,2.8750722836681186,2.9239693723316122,2.9800066486337875,3.0434422656805666,3.114583042681636,3.1937902373161444,3.2814868339548515,3.37816672349554,3.4844062323356058,3.6008784995835375,3.728371106793293,3.8678069283558267,4.020267006710867,4.187011739624588,4.369492026543078,4.569334916534995,4.788280425861322,5.028044180180185,0.39503977772731613
x=0.82,0.7446431199708593,5.065483158114338,4.78888306552954,4.535665311746998,4.30518302762478,4.096251396177499,3.9073580593155306,3.7368560570123424,3.5831057371449018,3.4445627857483814,3.3198233838855558,3.2076402796937376,3.1069214187048044,3.0167193967860126,2.936216991485577,2.864711828905065,2.801601803047396,2.7463719909432602,2.6985833111375337,2.6578629120747395,2.623896153917815,2.596420001602875,2.5752176421110216,2.5601141541412247,2.5509730820925887,2.5476937925082153,2.5502095170355625,2.558486010413665,2.5725207748668657,2.5923428239717223,2.6180129803110264,2.649624723057205,2.687305625381536,2.7312194490832127,2.7815689976327875,2.8385998726544317,2.902605338239357,2.973932580452554,3.05299076725884,3.1402614810274754,3.2363123249297803,3.3418147943743466,3.4575678019172993,3.5845283579837233,3.723850337918805,3.8769299048275436,4.04544998705573,4.231403467411746,4.437054135491576,4.664773333741686,0.4023323947691011
x=0.84,0.757842562895277,4.710406057985916,4.4386780060024424,4.192735642796335,3.97159997126513,3.7735490297568783,3.5964939238187226,3.4382737338009344,3.296838563156533,3.1703404270401396,3.057163431772206,2.9559197789728358,2.865429475545426,2.78469428330595,2.712871457229734,2.6492498294134093,2.5932291535794936,2.5443027984735607,2.5020435089594883,2.4660918239725578,2.43614672805419,2.411958152177337,2.3933209964940527,2.380070406561983,2.37207808876982,2.3692494979123504,2.371521770168775,2.3788623090645835,2.391267961652069,2.408764748533969,2.431408135919861,2.4592838621680735,2.4925093569691006,2.5312358206844174,2.575651067484709,2.6259832835879164,2.682505918721141,2.745544027542361,2.815482529111029,2.892777090747493,2.977968720711064,3.0717037454216247,3.1747617272098094,3.2880950448499764,3.412884982992119,3.5506189917112225,3.703188838016541,3.8729922849905947,4.062980248235167,4.276521688349164,0.4094640842173389
x=0.86,0.7707388788989693,4.329013607409735,4.062060616362975,3.8243628210472425,3.614286158546435,3.429195494619427,3.2661304945686895,3.122233234439437,2.99495268817334,2.8821070239840108,2.781872272610454,2.692740382356244,2.613469474939703,2.5430367428385288,2.480597837338948,2.4254534547585944,2.3770225177566546,2.334820928195229,2.2984448416826595,2.267557538369513,2.2418791284893764,2.2211784883224883,2.20526695686154,2.1939934328709465,2.187240598804165,2.184922066255591,2.1869802913759457,2.1933851515731524,2.2041331098546424,2.219246922817633,2.2387758746547415,2.262796544498058,2.291414139862538,2.324764457050314,2.3630165630830944,2.4063763375717935,2.4550910745908703,2.5094554379259,2.5698192137487603,2.6365975614021044,2.7102849166330776,2.7914745186164374,2.8808869982906424,2.979414012586472,3.0881869950215073,3.208686530117009,3.3429115432661085,3.4936175201131667,3.664577608396418,3.860661842052404,0.416431993491338
x=0.88,0.7833269096274834,3.9178359414946287,3.655551570232778,3.427722840518679,3.2313310144863276,3.062151918159394,2.91592616901429,2.7888943551488996,2.677942028021832,2.580564843946938,2.4947727062269234,2.4189870570713246,2.351951238628549,2.2926584888346073,2.2402962717942634,2.1942039693502418,2.153840922733939,2.1187622947591978,2.0886007832421143,2.0630527061468107,2.0418673654534296,2.0248388879798664,2.011799956273725,2.0026170000390957,1.997186533868549,1.9954324121423497,1.9973038355583554,2.002773992215441,2.011839254110594,2.0245188807280683,2.0408552076707123,2.060914322045047,2.0847872493027833,2.112591700143245,2.1444744528306448,2.180614478627712,2.2212269607138997,2.2665684192044004,2.3169432563483365,2.3727122198983905,2.4343036455601936,2.5022290962935725,2.5771066366552517,2.6596984502500853,2.750976744031932,2.852246045959554,2.965374219164293,3.0932133686182146,3.2402796485754317,3.413539419587367,0.42323333552029324
x=0.90,0.795601620036366,3.4714723094603905,3.2139408569462344,2.998990623904583,2.820498763646041,2.671481838513768,2.545846242500839,2.438786086422311,2.34665836105391,2.266732071860438,2.196953705862989,2.1357638411048137,2.0819630471614032,2.034616279776449,1.992985126918278,1.956479616800885,1.9246236494126507,1.897029937358623,1.8733816376559416,1.853418744232309,1.836927911888858,1.8237347888627318,1.813698211479891,1.8067058041783528,1.802670660192227,1.801528871434242,1.8032377432167928,1.8077745788573036,1.8151359566513325,1.825337451110102,1.8384137745056814,1.854419335594104,1.8734292312503449,1.895540704514759,1.92087511959361,1.9495805204884349,1.9818348543418869,2.017849952149866,2.057876368490553,2.1022091965710437,2.151195032120487,2.2052404867801387,2.2648234403858947,2.330510697901377,2.4029929409202304,2.4831676254047403,2.5723506441648283,2.6728109125427992,2.7890214326532012,2.9301242462700414,0.42986538985807615
x=0.92,0.8075581004051143,2.9806561246593692,2.7290935921313366,2.5331356577885695,2.379518422039545,2.25674876444101,2.156500973734382,2.0730475236079067,2.0024677126103305,1.9420384315628574,1.8898261446988984,1.844424668231051,1.804787407256458,1.7701187918842782,1.739802728422263,1.7133544623055037,1.6903875136963482,1.6705905153346863,1.653710692958252,1.6395418943916185,1.6279157964678759,1.6186953758408316,1.6117700241178001,1.607051881188334,1.6044730903220459,1.6039837673938984,1.60555053875016,1.6091555468518608,1.6147958558268634,1.6224832143122345,1.6322441530427496,1.644120411177909,1.658169699230621,1.6744668177149213,1.6931051581549648,1.7141986138224636,1.7378839148604213,1.7643233630378625,1.7937078497091563,1.826259849008954,1.8622357025389322,1.9019258174513727,1.945650230913833,1.9937454166058088,2.0465376317558137,2.1043055964591733,2.1672786460034934,2.23589144022129,2.3121088744367793,2.40427410041109,0.436325503771378
x=0.94,0.8191915683009983,2.4268889592502267,2.187977352752151,2.0242668377868105,1.9070088373307226,1.8188039215215612,1.74966350138163,1.693729776742996,1.6474135895881385,1.6084077379146975,1.5751608874471419,1.546587858392574,1.5219034578565438,1.5005231416239868,1.4820012737918777,1.4659913836757443,1.45221977590068,1.4404675249391312,1.430557898056587,1.4223473918263605,1.4157192359515147,1.4105786218959717,1.4068491646213082,1.4044702656472743,1.40339515020452,1.4035894212889772,1.4050300215354943,1.4077045277678946,1.4116107277480383,1.4167564471669274,1.4231596092839578,1.43084852099452,1.4398623879349177,1.4502520670890715,1.462081066438801,1.4754267931515455,1.490382025237372,1.5070565167728684,1.5255785020599442,1.5460955507131162,1.5687735512351444,1.5937911408102345,1.6213237063003518,1.6515040417974862,1.6843312994557307,1.719467309661844,1.7558001391883096,1.7906052796475171,1.818491496741907,1.8336353387299622,0.4426110933007671
x=0.96,0.8304973704919705,1.7646203845706974,1.5709868668797276,1.4682638386637499,1.4047562663681292,1.361096720282692,1.3289137889697957,1.3040815481373458,1.2843290722965892,1.2682911577556455,1.255088387704756,1.244122756543934,1.2349698141030832,1.2273177845888048,1.2209312352400377,1.2156283713007943,1.21126628933914,1.2077310845105405,1.2049310308670054,1.202791771558875,1.2012528620543121,1.2002652482921956,1.1997894068043313,1.199793964738757,1.200254676257472,1.2011536705018981,1.2024789126166662,1.2042238376833914,1.2063871306234204,1.2089726349313685,1.211989380584756,1.2154517272431242,1.2193796230646607,1.223798981730105,1.2287421792405016,1.2342486646234505,1.2403656580259534,1.2471488610396437,1.2546629950657424,1.262981740735131,1.2721861026440155,1.2823589458716218,1.2935703481557548,1.3058404717773269,1.3190450421293076,1.3326654400966547,1.3450872737189972,1.3514810152522252,1.3368647903028608,1.251529049119271,0.44871964429423844
x=0.98,0.8414709848078965,0.8413026962206667,0.8407978977721683,0.8399567913750503,0.8387797134606568,0.8372671348444594,0.8354196605377371,0.8332380295055801,0.8307231143713131,0.8278759210674581,0.8246975884333746,0.8211893877597389,0.8173527222800451,0.8131891266093304,0.8087002661303491,0.8038879363274419,0.7987540620683669,0.7933006968343765,0.7875300218988541,0.7814443454548324,0.7750461016917478,0.7683378498217966,0.7613222730562849,0.754002177532379,0.7463804911906884,0.7384602626041288,0.7302446597585329,0.7217369687854994,0.7129405926479829,0.7038590497791551,0.6944959726750779,0.6848551064417533,0.6749403072971317,0.6647555410286755,0.6543048814070969,0.6435925085569041,0.6326227072844076,0.6213998653638543,0.6099284717823765,0.598213114944457,0.5862584808366281,0.5740693511531402,0.5616506013833471,0.5490071988615753,0.5361442007802574,0.5230667521671213,0.5097800838272487,0.4962895102508225,0.48260042748740123,0.4687183109875715,0.4546487134128409
